{"train_loss": 11.218477964401245, "_timestamp": 1724936387.737654, "_runtime": 268.4566559791565, "_step": 9, "_wandb": {"runtime": 286}}