{"loss": 11.19425106048584, "_timestamp": 1724933907.6085916, "_runtime": 599.5513606071472, "_step": 39, "_wandb": {"runtime": 673}}