{"train_loss": 5.30810546875, "_timestamp": 1724941247.529015, "_runtime": 3478.220011949539, "_step": 1561, "_wandb": {"runtime": 3504}}