{"loss": 11.218473672866821, "lr": 1.347753580201482e-06, "wd": 0.39586144499594933, "_timestamp": 1724934650.649159, "_runtime": 409.5429799556732, "_step": 9, "_wandb": {"runtime": 429}}